{
    "D8_Watermelon_7.0": {
        "A": 1.1513828753046615e-10,
        "E_a": 80997.45594213111,
        "r2": 0.5030471623936112,
        "data_points": 114,
        "temp_range": [
            21.33333333,
            73.9
        ]
    },
    "D8_Watermelon_20.0": {
        "A": 2.6428690075024828e-12,
        "E_a": 89252.13543030524,
        "r2": 0.986002327119263,
        "data_points": 114,
        "temp_range": [
            21.33333333,
            73.9
        ]
    },
    "D8_Watermelon_combined": {
        "A": 2.8040852306605893e-10,
        "E_a": 85124.79568621817,
        "B": 0.05,
        "r2": 0.33897814418722083,
        "data_points": 798,
        "terpene_pcts": [
            0.0,
            7.0,
            20.0
        ],
        "temp_range": [
            21.33333333,
            73.9
        ]
    },
    "D8_Skittlez_7.0": {
        "A": 6.177710681470521e-16,
        "E_a": 110692.26919589564,
        "r2": 0.999703476211151,
        "data_points": 114,
        "temp_range": [
            24.53333333,
            67.60000000000001
        ]
    },
    "D8_Skittlez_20.0": {
        "A": 7.966938323712126e-15,
        "E_a": 102546.26733624387,
        "r2": 0.9999277833504149,
        "data_points": 114,
        "temp_range": [
            24.53333333,
            67.60000000000001
        ]
    },
    "D8_Skittlez_combined": {
        "A": 6.768104994364487e-11,
        "E_a": 81219.19931275489,
        "B": 0.19937050537193832,
        "r2": 0.8395814029298403,
        "data_points": 228,
        "terpene_pcts": [
            7.0,
            20.0
        ],
        "temp_range": [
            24.53333333,
            67.60000000000001
        ]
    },
    "D8_Lemon_7.0": {
        "A": 3.0680669727158576e-18,
        "E_a": 125242.33203920054,
        "r2": 0.9995114977925127,
        "data_points": 114,
        "temp_range": [
            24.366666666666664,
            69.53333333333333
        ]
    },
    "D8_Lemon_20.0": {
        "A": 8.708922087968047e-17,
        "E_a": 113878.96856003061,
        "r2": 0.9994919658571813,
        "data_points": 114,
        "temp_range": [
            24.366666666666664,
            69.53333333333333
        ]
    },
    "D8_Lemon_combined": {
        "A": 6.553493788718753e-11,
        "E_a": 90609.85397969984,
        "B": 0.19984578818651852,
        "r2": 0.30830267479812823,
        "data_points": 1140,
        "terpene_pcts": [
            0.0,
            7.0,
            20.0
        ],
        "temp_range": [
            24.366666666666664,
            69.53333333333333
        ]
    }
}